Title,Summary,Publication Date,Source,URL,Category
Israel carrying out 'extensive' strikes in Lebanon after Hezbollah fires missile at Tel Aviv,,,BBC,https://www.bbc.com/news/live/c5y32qew9z2t,Other
"Bowen: Israel is gambling Hezbollah will crumple but it faces a well-armed, angry enemy",,,BBC,https://www.bbc.com/news/articles/c93pg1qpxxzo,Other
Thai king signs same-sex marriage bill into law,,,BBC,https://www.bbc.com/news/articles/cn03we6zpk1o,Other
Why Pakistan's female doctors don't feel safe,,,BBC,https://www.bbc.com/news/articles/c5y9g751xg4o,Other
Boeing strikers not interested in 30% pay rise - union,,,BBC,https://www.bbc.com/news/articles/cwyl7w036y4o,Other
"Bowen: Israel is gambling Hezbollah will crumple but it faces a well-armed, angry enemy",,,BBC,https://www.bbc.com/news/articles/c93pg1qpxxzo,Other
Death of Indian employee sparks debate on 'toxic work culture',,,BBC,https://www.bbc.com/news/articles/c0kjgp4jr5yo,Sports
China test-fires ICBM for first time in decades,,,BBC,https://www.bbc.com/news/articles/c4gl843l90zo,Other
Paedophile swim coach dies weeks after conviction,,,BBC,https://www.bbc.com/news/articles/cvg3qmj2pz5o,Other
Thai king signs same-sex marriage bill into law,,,BBC,https://www.bbc.com/news/articles/cn03we6zpk1o,Other
China probes Calvin Klein over Xinjiang cotton,,,BBC,https://www.bbc.com/news/articles/c20pxwwqqzwo,Other
Trump warned by US intelligence of Iran assassination threats - campaign,,,BBC,https://www.bbc.com/news/articles/cd0z2394ey2o,Other
'The violence is getting out of hand': Crime grips Cuba's streets,,,BBC,https://www.bbc.com/news/articles/cyvy3j872q9o,Other
Zelensky looks to Biden to back Ukraine 'victory plan',,,BBC,https://www.bbc.com/news/articles/c07n811zyp2o,Other
Strictly's Artem won't face domestic violence charges,,,BBC,https://www.bbc.com/news/articles/cg56qlrr136o,Other
Israeli strikes on Lebanon,,,BBC,https://www.bbc.com/news/articles/cg56qlrr136o,Other
UN refugee agency says staff among those killed,,,BBC,https://www.bbc.com/news/articles/cjd5x1mnj2yo,Other
"Watch: BBC visits Beirut school sheltering 1,000 people",,,BBC,https://www.bbc.com/news/videos/clyl8gxxm9lo,Other
"Leave Lebanon now, Starmer tells Britons",,,BBC,https://www.bbc.com/news/articles/c9dyj0n740po,Other
'We just had to flee': Fear and tension under deadly bombardment,,,BBC,https://www.bbc.com/news/articles/crl8xw7ww70o,Other
What is Hezbollah and why is Israel attacking Lebanon?,,,BBC,https://www.bbc.com/news/world-middle-east-67307858,Other
More to explore,,,BBC,https://www.bbc.com/news/world-middle-east-67307858,Other
Will the US presidential election define the future of crypto?,,,BBC,https://www.bbc.com/news/articles/c0lwgn9p8z4o,Politics
Acid attack and abductions: Tanzania's poisonous politics,,,BBC,https://www.bbc.com/news/articles/cj4d52z505po,Other
Biden struggles to contain conflict as Israel and Hezbollah on the brink,,,BBC,https://www.bbc.com/news/articles/cr4xnq2zqlgo,Other
Can families returning after centuries solve S Korea's population crisis?,,,BBC,https://www.bbc.com/news/articles/c7v5mng4z45o,Other
Bird on a wire and other winning photos,,,BBC,https://www.bbc.com/news/articles/cj4d92n5p4do,Other
Acid attack and abductions: Tanzania's poisonous politics,,,BBC,https://www.bbc.com/news/articles/cj4d52z505po,Other
An 11th lawsuit for Sean 'Diddy' Combs as he sits in jail,,,BBC,https://www.bbc.com/news/articles/c0kjxd3m528o,Other
Tigers and crocs make mangrove preservation tough work,,,BBC,https://www.bbc.com/news/articles/crrldyvqe4xo,Other
Biden struggles to contain conflict as Israel and Hezbollah on the brink,,,BBC,https://www.bbc.com/news/articles/cr4xnq2zqlgo,Other
Most watched,,,BBC,https://www.bbc.com/news/articles/cr4xnq2zqlgo,Other
Moment North Carolina beach house collapses into ocean,,,BBC,https://www.bbc.com/news/videos/cdx9n4ekp0do,Other
Watch: Space crew returns to Earth after longest stay on ISS,,,BBC,https://www.bbc.com/news/videos/ckgnzr1dx73o,Other
North Carolina hit with flooding from historic rainfall,,,BBC,https://www.bbc.com/news/videos/c3e99g1d21xo,Other
'A great sense of anger and fear in Lebanon',,,BBC,https://www.bbc.com/news/videos/c4glr22vdypo,Other
"Drone captures rescue of girl, 10, who sleepwalked into woods",,,BBC,https://www.bbc.com/news/videos/c77xn1m4vnyo,Other
Also in news,,,BBC,https://www.bbc.com/news/videos/c77xn1m4vnyo,Other
Canadian alleges 'psychological torture' in Chinese jail,,,BBC,https://www.bbc.com/news/articles/c4g42953qm0o,Other
China unveils raft of measures to boost economy,,,BBC,https://www.bbc.com/news/articles/cjd5xlv03jxo,Business
Critics unimpressed by Wuthering Heights film casting,,,BBC,https://www.bbc.com/news/articles/cm29e7pm9l9o,Other
Caroline Ellison sentenced to two years for role in FTX crypto fraud,,,BBC,https://www.bbc.com/news/articles/cdd4e2931q3o,Other
Journalist's apology not enough to satisfy Ghanaian king,,,BBC,https://www.bbc.com/news/articles/cgj4l8x0874o,Other
China unveils raft of measures to boost economy,,,BBC,https://www.bbc.com/news/articles/cjd5xlv03jxo,Business
Boeing strikers not interested in 30% pay rise - union,,,BBC,https://www.bbc.com/news/articles/cwyl7w036y4o,Other
Moment North Carolina beach house collapses into ocean,,,BBC,https://www.bbc.com/news/videos/cdx9n4ekp0do,Other
Critics unimpressed by Wuthering Heights film casting,,,BBC,https://www.bbc.com/news/articles/cm29e7pm9l9o,Other
Most read,,,BBC,https://www.bbc.com/news/articles/cm29e7pm9l9o,Other
"Bowen: Israel is gambling Hezbollah will crumple but it faces a well-armed, angry enemy",,,BBC,https://www.bbc.com/news/articles/c93pg1qpxxzo,Other
China test-fires ICBM for first time in decades,,,BBC,https://www.bbc.com/news/articles/c4gl843l90zo,Other
Death of Indian employee sparks debate on 'toxic work culture',,,BBC,https://www.bbc.com/news/articles/c0kjgp4jr5yo,Sports
Trump warned by US intelligence of Iran assassination threats - campaign,,,BBC,https://www.bbc.com/news/articles/cd0z2394ey2o,Other
'The violence is getting out of hand': Crime grips Cuba's streets,,,BBC,https://www.bbc.com/news/articles/cyvy3j872q9o,Other
What is the controversy around Netflix's Menendez drama?,,,BBC,https://www.bbc.com/news/articles/c20mzd788n3o,Other
Thai king signs same-sex marriage bill into law,,,BBC,https://www.bbc.com/news/articles/cn03we6zpk1o,Other
US election polls: Who is ahead - Harris or Trump?,,,BBC,https://www.bbc.com/news/articles/cj4x71znwxdo,Politics
Boeing strikers not interested in 30% pay rise - union,,,BBC,https://www.bbc.com/news/articles/cwyl7w036y4o,Other
Paedophile swim coach dies weeks after conviction,,,BBC,https://www.bbc.com/news/articles/cvg3qmj2pz5o,Other
Sport,,,BBC,https://www.bbc.com/news/articles/cvg3qmj2pz5o,Other
"Varane retires, Rodri injury latest, EFL Cup debate",,,BBC,https://www.bbc.com/sport/football/live/c62rg8jd6qrt,Sports
Man City confirm Rodri has injured knee ligament,,,BBC,https://www.bbc.com/sport/football/articles/clyv157qv72o,Other
Nkunku hits hat-trick as Chelsea thrash Barrow,,,BBC,https://www.bbc.com/sport/football/live/c62d7j5j42rt,Other
Brook responds to his critics with bat and words,,,BBC,https://www.bbc.com/sport/cricket/articles/crr5zee8759o,Sports
Guardiola will not 'waste energy' on EFL Cup despite win,,,BBC,https://www.bbc.com/sport/football/live/czegp16denyt,Sports
Man City confirm Rodri has injured knee ligament,,,BBC,https://www.bbc.com/sport/football/articles/clyv157qv72o,Other
Ex-Real Madrid & Man Utd defender Varane retires aged 31,,,BBC,https://www.bbc.com/sport/football/articles/ced0yjn3wj0o,Other
"A plane crash, fireworks disaster & car tragedy - how Twente shaped Ten Hag",,,BBC,https://www.bbc.com/sport/football/articles/c3rlnwg4q1lo,Other
Nkunku hits hat-trick as Chelsea thrash Barrow,,,BBC,https://www.bbc.com/sport/football/live/c62d7j5j42rt,Other
Follow BBC on:,,,BBC,https://shop.bbc.com/,Other
