Title,Summary,Publication Date,Source,URL
Israel intercepts Hezbollah missile near Tel Aviv in first such attack,,,CNN,https://edition.cnn.com/world/live-news/israel-lebanon-hezbollah-09-24-24-intl-hnk/index.html
More top stories,,,CNN,https://edition.cnn.com/2024/09/25/uk/labour-conference-keir-starmer-gbr-intl-cmd/index.html
Featured,,,CNN,https://edition.cnn.com/2024/09/25/weather/video/forecast-tropical-storm-helene-florida-digvid
Featured Sections,,,CNN,https://edition.cnn.com/2024/09/24/us/video/deer-stuck-upside-down-rescue-talat-digvid
Space and science,,,CNN,https://edition.cnn.com/2024/09/24/us/video/deer-stuck-upside-down-rescue-talat-digvid
Global Travel,,,CNN,https://www.cnn.com/travel
Global Business,,,CNN,https://edition.cnn.com/travel/what-vaccines-do-you-need-for-travel/index.html
Style,,,CNN,https://edition.cnn.com/2024/09/24/tech/tiktok-russian-media-accounts-us-election/index.html
SPORT,,,CNN,https://www.cnn.com/sport
US Politics,,,CNN,https://edition.cnn.com/2024/09/25/sport/nfl-week-3-takeaways-spt-intl/index.html
health and wellness,,,CNN,https://edition.cnn.com/2024/09/24/politics/trump-us-business-tariffs-taxes/index.html
Tech,,,CNN,https://edition.cnn.com/2024/09/23/health/enterovirus-d68-paralysis-children-virus-wellness/index.html
Photos You Should See,,,CNN,https://edition.cnn.com/2024/09/23/tech/voiceitt-voice-recognition-speech-impairments-spc/index.html
In Case You Missed It,,,CNN,https://edition.cnn.com/world/gallery/arabian-oryx-photos-c2e/index.html
Israel carrying out 'extensive' strikes in Lebanon after Hezbollah fires missile at Tel Aviv,,,BBC,https://www.bbc.com/news/live/c5y32qew9z2t
"Bowen: Israel is gambling Hezbollah will crumple but it faces a well-armed, angry enemy",,,BBC,https://www.bbc.com/news/articles/c93pg1qpxxzo
Thai king signs same-sex marriage bill into law,,,BBC,https://www.bbc.com/news/articles/cn03we6zpk1o
Why Pakistan's female doctors don't feel safe,,,BBC,https://www.bbc.com/news/articles/c5y9g751xg4o
Boeing strikers not interested in 30% pay rise - union,,,BBC,https://www.bbc.com/news/articles/cwyl7w036y4o
"Bowen: Israel is gambling Hezbollah will crumple but it faces a well-armed, angry enemy",,,BBC,https://www.bbc.com/news/articles/c93pg1qpxxzo
Death of Indian employee sparks debate on 'toxic work culture',,,BBC,https://www.bbc.com/news/articles/c0kjgp4jr5yo
China test-fires ICBM for first time in decades,,,BBC,https://www.bbc.com/news/articles/c4gl843l90zo
Paedophile swim coach dies weeks after conviction,,,BBC,https://www.bbc.com/news/articles/cvg3qmj2pz5o
Thai king signs same-sex marriage bill into law,,,BBC,https://www.bbc.com/news/articles/cn03we6zpk1o
China probes Calvin Klein over Xinjiang cotton,,,BBC,https://www.bbc.com/news/articles/c20pxwwqqzwo
Trump warned by US intelligence of Iran assassination threats - campaign,,,BBC,https://www.bbc.com/news/articles/cd0z2394ey2o
'The violence is getting out of hand': Crime grips Cuba's streets,,,BBC,https://www.bbc.com/news/articles/cyvy3j872q9o
Zelensky looks to Biden to back Ukraine 'victory plan',,,BBC,https://www.bbc.com/news/articles/c07n811zyp2o
Strictly's Artem won't face domestic violence charges,,,BBC,https://www.bbc.com/news/articles/cg56qlrr136o
Israeli strikes on Lebanon,,,BBC,https://www.bbc.com/news/articles/cg56qlrr136o
UN refugee agency says staff among those killed,,,BBC,https://www.bbc.com/news/articles/cjd5x1mnj2yo
"Watch: BBC visits Beirut school sheltering 1,000 people",,,BBC,https://www.bbc.com/news/videos/clyl8gxxm9lo
"Leave Lebanon now, Starmer tells Britons",,,BBC,https://www.bbc.com/news/articles/c9dyj0n740po
'We just had to flee': Fear and tension under deadly bombardment,,,BBC,https://www.bbc.com/news/articles/crl8xw7ww70o
What is Hezbollah and why is Israel attacking Lebanon?,,,BBC,https://www.bbc.com/news/world-middle-east-67307858
More to explore,,,BBC,https://www.bbc.com/news/world-middle-east-67307858
Will the US presidential election define the future of crypto?,,,BBC,https://www.bbc.com/news/articles/c0lwgn9p8z4o
Acid attack and abductions: Tanzania's poisonous politics,,,BBC,https://www.bbc.com/news/articles/cj4d52z505po
Biden struggles to contain conflict as Israel and Hezbollah on the brink,,,BBC,https://www.bbc.com/news/articles/cr4xnq2zqlgo
Can families returning after centuries solve S Korea's population crisis?,,,BBC,https://www.bbc.com/news/articles/c7v5mng4z45o
Bird on a wire and other winning photos,,,BBC,https://www.bbc.com/news/articles/cj4d92n5p4do
Acid attack and abductions: Tanzania's poisonous politics,,,BBC,https://www.bbc.com/news/articles/cj4d52z505po
An 11th lawsuit for Sean 'Diddy' Combs as he sits in jail,,,BBC,https://www.bbc.com/news/articles/c0kjxd3m528o
Tigers and crocs make mangrove preservation tough work,,,BBC,https://www.bbc.com/news/articles/crrldyvqe4xo
Biden struggles to contain conflict as Israel and Hezbollah on the brink,,,BBC,https://www.bbc.com/news/articles/cr4xnq2zqlgo
Most watched,,,BBC,https://www.bbc.com/news/articles/cr4xnq2zqlgo
Moment North Carolina beach house collapses into ocean,,,BBC,https://www.bbc.com/news/videos/cdx9n4ekp0do
Watch: Space crew returns to Earth after longest stay on ISS,,,BBC,https://www.bbc.com/news/videos/ckgnzr1dx73o
North Carolina hit with flooding from historic rainfall,,,BBC,https://www.bbc.com/news/videos/c3e99g1d21xo
'A great sense of anger and fear in Lebanon',,,BBC,https://www.bbc.com/news/videos/c4glr22vdypo
"Drone captures rescue of girl, 10, who sleepwalked into woods",,,BBC,https://www.bbc.com/news/videos/c77xn1m4vnyo
Also in news,,,BBC,https://www.bbc.com/news/videos/c77xn1m4vnyo
Canadian alleges 'psychological torture' in Chinese jail,,,BBC,https://www.bbc.com/news/articles/c4g42953qm0o
China unveils raft of measures to boost economy,,,BBC,https://www.bbc.com/news/articles/cjd5xlv03jxo
Critics unimpressed by Wuthering Heights film casting,,,BBC,https://www.bbc.com/news/articles/cm29e7pm9l9o
Caroline Ellison sentenced to two years for role in FTX crypto fraud,,,BBC,https://www.bbc.com/news/articles/cdd4e2931q3o
Journalist's apology not enough to satisfy Ghanaian king,,,BBC,https://www.bbc.com/news/articles/cgj4l8x0874o
China unveils raft of measures to boost economy,,,BBC,https://www.bbc.com/news/articles/cjd5xlv03jxo
Boeing strikers not interested in 30% pay rise - union,,,BBC,https://www.bbc.com/news/articles/cwyl7w036y4o
Moment North Carolina beach house collapses into ocean,,,BBC,https://www.bbc.com/news/videos/cdx9n4ekp0do
Critics unimpressed by Wuthering Heights film casting,,,BBC,https://www.bbc.com/news/articles/cm29e7pm9l9o
Most read,,,BBC,https://www.bbc.com/news/articles/cm29e7pm9l9o
"Bowen: Israel is gambling Hezbollah will crumple but it faces a well-armed, angry enemy",,,BBC,https://www.bbc.com/news/articles/c93pg1qpxxzo
China test-fires ICBM for first time in decades,,,BBC,https://www.bbc.com/news/articles/c4gl843l90zo
Trump warned by US intelligence of Iran assassination threats - campaign,,,BBC,https://www.bbc.com/news/articles/cd0z2394ey2o
Death of Indian employee sparks debate on 'toxic work culture',,,BBC,https://www.bbc.com/news/articles/c0kjgp4jr5yo
'The violence is getting out of hand': Crime grips Cuba's streets,,,BBC,https://www.bbc.com/news/articles/cyvy3j872q9o
What is the controversy around Netflix's Menendez drama?,,,BBC,https://www.bbc.com/news/articles/c20mzd788n3o
Thai king signs same-sex marriage bill into law,,,BBC,https://www.bbc.com/news/articles/cn03we6zpk1o
"One in three children short-sighted, study suggests",,,BBC,https://www.bbc.com/news/articles/c0m099zm4wyo
Boeing strikers not interested in 30% pay rise - union,,,BBC,https://www.bbc.com/news/articles/cwyl7w036y4o
US election polls: Who is ahead - Harris or Trump?,,,BBC,https://www.bbc.com/news/articles/cj4x71znwxdo
Sport,,,BBC,https://www.bbc.com/news/articles/cj4x71znwxdo
"Varane retires, Rodri injury latest, EFL Cup debate",,,BBC,https://www.bbc.com/sport/football/live/c62rg8jd6qrt
Man City confirm Rodri has injured knee ligament,,,BBC,https://www.bbc.com/sport/football/articles/clyv157qv72o
Nkunku hits hat-trick as Chelsea thrash Barrow,,,BBC,https://www.bbc.com/sport/football/live/c62d7j5j42rt
Brook responds to his critics with bat and words,,,BBC,https://www.bbc.com/sport/cricket/articles/crr5zee8759o
Guardiola will not 'waste energy' on EFL Cup despite win,,,BBC,https://www.bbc.com/sport/football/live/czegp16denyt
Man City confirm Rodri has injured knee ligament,,,BBC,https://www.bbc.com/sport/football/articles/clyv157qv72o
Ex-Real Madrid & Man Utd defender Varane retires aged 31,,,BBC,https://www.bbc.com/sport/football/articles/ced0yjn3wj0o
"A plane crash, fireworks disaster & car tragedy - how Twente shaped Ten Hag",,,BBC,https://www.bbc.com/sport/football/articles/c3rlnwg4q1lo
Nkunku hits hat-trick as Chelsea thrash Barrow,,,BBC,https://www.bbc.com/sport/football/live/c62d7j5j42rt
Follow BBC on:,,,BBC,https://shop.bbc.com/
